{
    "Agent": {
        "total": 0.07615303993225098
    },
    "Env": {
        "apply_act": 0.03489089012145996,
        "observation_computation": 0.01011347770690918,
        "powerflow_computation": 0.011624813079833984,
        "total": 0.056629180908203125
    },
    "total": 0.14565491676330566
}