{
    "Agent": {
        "total": 0.06377601623535156
    },
    "Env": {
        "apply_act": 0.033034324645996094,
        "observation_computation": 0.014327526092529297,
        "powerflow_computation": 0.011661529541015625,
        "total": 0.059023380279541016
    },
    "total": 0.13793206214904785
}